name,name_num,pka_calc,tspan_number_ellipse_color_mapping,smiles,pka_exp,ref,group,comment,pka_error
comp1,1,25,"[('#FF0000', 'red', 'most acidic position in a molecule'), ('#FF0000', 'red', 'most acidic position in a molecule')]",CC(C)=O,26.5,52,Ketones,,1.5
comp2,2,19,"[('#FF0000', 'red', 'most acidic position in a molecule')]",CC(=O)Cc1ccccc1,19.8,58,Ketones,,0.8000000000000007
comp3,3,24,"[('#FF0000', 'red', 'most acidic position in a molecule')]",COCC(C)=O,24.6,27,Ketones,,0.6000000000000014
comp4,4,18,"[('#FF0000', 'red', 'most acidic position in a molecule')]",CC(=O)CSc1ccccc1,18.7,10,Ketones,,0.6999999999999993
comp6,6,14,"[('#FF0000', 'red', 'most acidic position in a molecule')]",CC(=O)CS(=O)c1ccccc1,15.1,blank,Ketones,,1.0999999999999996
comp7,7,12,"[('#FF0000', 'red', 'most acidic position in a molecule')]",CC(=O)CS(=O)(=O)c1ccccc1,12.5,58,Ketones,,0.5
comp8,8,15,"[('#FF0000', 'red', 'most acidic position in a molecule')]",CC(=O)C[N+](C)(C)C,16.3,44,Ketones,,1.3000000000000007
comp9,9,11,"[('#FF0000', 'red', 'most acidic position in a molecule')]",CC(=O)C[n+]1ccccc1,11.8,44,Ketones; Ammonium salts,,0.8000000000000007
comp10,10,24,"[('#FF0000', 'red', 'most acidic position in a molecule')]",CC(=O)c1ccccc1,24.7,"1, 52",Ketones,,0.6999999999999993
comp11,11,23,"[('#FF0000', 'red', 'most acidic position in a molecule')]",CC(=O)c1ccccn1,23.6,blank,Ketones,,0.6000000000000014
comp12,12,23,"[('#FF0000', 'red', 'most acidic position in a molecule')]",CC(=O)c1ccncc1,21.8,blank,Ketones,,1.1999999999999993
comp13,13,24,"[('#FF0000', 'red', 'most acidic position in a molecule')]",CC(=O)c1ccco1,23.9,blank,Ketones,,0.10000000000000142
comp14,14,24,"[('#FF0000', 'red', 'most acidic position in a molecule')]",CC(=O)c1cccs1,24.0,blank,Ketones,,0.0
comp15,15,24,"[('#FF0000', 'red', 'most acidic position in a molecule')]",CCC(=O)c1ccccc1,24.4,58,Ketones,,0.3999999999999986
comp16,16,19,"[('#FF0000', 'red', 'most acidic position in a molecule')]",O=C(Cc1ccccc1)c1ccccc1,17.7,58,Ketones,,1.3000000000000007
comp17,17,13,"[('#FF0000', 'red', 'most acidic position in a molecule')]",CC(=O)CC(=O)c1ccccc1,14.2,58,Beta-diketones,,1.1999999999999993
comp18,18,13,"[('#FF0000', 'red', 'most acidic position in a molecule')]",O=C(CC(=O)c1ccccc1)c1ccccc1,13.4,42,Beta-diketones,,0.40000000000000036
comp19,19,10,"[('#FF0000', 'red', 'most acidic position in a molecule')]",N#CCC(=O)c1ccccc1,10.2,6,Ketones,,0.1999999999999993
comp20,20,22,"[('#FF0000', 'red', 'most acidic position in a molecule')]",O=C(CF)c1ccccc1,21.7,52,Ketones,,0.3000000000000007
comp21,21,21,"[('#00FF00', 'light green', 'deprotonation via chelation controlled process is possible')]",O=C(COc1ccccc1)c1ccccc1,21.1,"34, 5",Ketones; Ether,,0.10000000000000142
comp22,22,23,"[('#FF0000', 'red', 'most acidic position in a molecule')]",COCC(=O)c1ccccc1,22.9,"34, 5",Ketones; Ether,,0.10000000000000142
comp23,23,20,"[('#33C1EA', 'light blue', 'acidic but unfavourable in lithiation (due to electronic repulsion)')]",O=C(CN(c1ccccc1)c1ccccc1)c1ccccc1,20.3,52,Ketones,,0.3000000000000007
comp24,24,23,"[('#33C1EA', 'light blue', 'acidic but unfavourable in lithiation (due to electronic repulsion)')]",CN(C)CC(=O)c1ccccc1,23.6,57,Ketones,,0.6000000000000014
comp25,25,14,"[('#FF0000', 'red', 'most acidic position in a molecule')]",C[N+](C)(C)CC(=O)c1ccccc1,14.6,6,Ketones; Ammonium salts,,0.5999999999999996
comp26,26,10,"[('#FF0000', 'red', 'most acidic position in a molecule')]",O=C(C[n+]1ccccc1)c1ccccc1,10.7,44,Ketones; Ammonium salts,,0.6999999999999993
comp27,27,7,"[('#33C1EA', 'light blue', 'acidic but unfavourable in lithiation (due to electronic repulsion)')]",O=C(C[N+](=O)[O-])c1ccccc1,7.7,6,Ketones,,0.7000000000000002
comp28,28,17,"[('#FF0000', 'red', 'most acidic position in a molecule')]",O=C(CSc1ccccc1)c1ccccc1,17.1,35,Ketones,,0.10000000000000142
comp29,29,11,"[('#FF0000', 'red', 'most acidic position in a molecule')]",O=C(CS(=O)(=O)c1ccccc1)c1ccccc1,11.4,6,Ketones,,0.40000000000000036
comp30,30,18,"[('#FF0000', 'red', 'most acidic position in a molecule')]",O=C(C[Se]c1ccccc1)c1ccccc1,18.6,5,Ketones,,0.6000000000000014
comp31,31,24,"[('#FF0000', 'red', 'most acidic position in a molecule')]",CC(=O)c1ccc(C)cc1,25.2,blank,Ketones,,1.1999999999999993
comp32,32,24,"[('#FF0000', 'red', 'most acidic position in a molecule')]",CC(=O)c1ccc(-c2ccccc2)cc1,24.5,blank,Ketones,,0.5
comp33,33,23,"[('#FF0000', 'red', 'most acidic position in a molecule')]",COc1ccc(C(C)=O)cc1,25.7,50,Ketones,,2.6999999999999993
comp34,34,23,"[('#FF0000', 'red', 'most acidic position in a molecule')]",COc1cccc(C(C)=O)c1,24.5,50,Ketones,,1.5
comp35,35,24,"[('#FF0000', 'red', 'most acidic position in a molecule')]",CC(=O)c1ccc(N(C)C)cc1,27.5,50,Ketones,,3.5
comp36,36,23,"[('#FF0000', 'red', 'most acidic position in a molecule')]",CC(=O)c1cccc(N(C)C)c1,25.3,50,Ketones,,2.3000000000000007
comp37,37,23,"[('#FF0000', 'red', 'most acidic position in a molecule')]",CC(=O)c1ccc(F)cc1,24.5,50,Ketones,,1.5
comp38,38,23,"[('#FF0000', 'red', 'most acidic position in a molecule')]",CC(=O)c1cccc(F)c1,23.5,50,Ketones,,0.5
comp39,39,24,"[('#FF0000', 'red', 'most acidic position in a molecule')]",CC(=O)c1ccc(Cl)cc1,23.8,50,Ketones,,0.1999999999999993
comp40,40,23,"[('#FF0000', 'red', 'most acidic position in a molecule')]",CC(=O)c1cccc(Cl)c1,23.2,50,Ketones,,0.1999999999999993
comp41,41,24,"[('#FF0000', 'red', 'most acidic position in a molecule')]",CC(=O)c1ccc(Br)cc1,23.8,50,Ketones,,0.1999999999999993
comp42,42,24,"[('#FF0000', 'red', 'most acidic position in a molecule')]",CC(=O)c1ccc(Sc2ccccc2)cc1,23.8,50,Ketones,,0.1999999999999993
comp43,43,24,"[('#FF0000', 'red', 'most acidic position in a molecule')]",CC(=O)c1ccc(S(=O)c2ccccc2)cc1,23.2,blank,Ketones,,0.8000000000000007
comp44,44,24,"[('#FF0000', 'red', 'most acidic position in a molecule')]",CC(=O)c1ccc(S(=O)(=O)c2ccccc2)cc1,22.1,50,Ketones,,1.8999999999999986
comp45,45,23,"[('#FF0000', 'red', 'most acidic position in a molecule')]",CC(=O)c1cccc(S(=O)(=O)c2ccccc2)c1,23.0,50,Ketones,,0.0
comp46,46,24,"[('#FF0000', 'red', 'most acidic position in a molecule')]",CC(=O)c1ccc(C#N)cc1,22.0,50,Ketones,,2.0
comp47,47,24,"[('#FF0000', 'red', 'most acidic position in a molecule')]",CC(=O)c1ccc(C(F)(F)F)cc1,22.7,50,Ketones,,1.3000000000000007
comp48,48,23,"[('#FF0000', 'red', 'most acidic position in a molecule')]",CC(=O)c1cccc(C(F)(F)F)c1,22.8,50,Ketones,,0.1999999999999993
comp49,49,18,"[('#FF0000', 'red', 'most acidic position in a molecule'), ('#FF0000', 'red', 'most acidic position in a molecule')]",O=C(Cc1ccccc1)Cc1ccccc1,18.7,58,Ketones,,0.6999999999999993
comp50,50,19,"[('#FF0000', 'red', 'most acidic position in a molecule')]",CC(=O)C(c1ccccc1)c1ccccc1,19.4,58,Ketones,,0.3999999999999986
comp51,51,18,"[('#FF0000', 'red', 'most acidic position in a molecule')]",O=C(c1ccccc1)C(c1ccccc1)c1ccccc1,18.8,58,Ketones,,0.8000000000000007
comp52,52,28,"[('#FF0000', 'red', 'most acidic position in a molecule')]",O=C(c1ccccc1)C1CC1,28.2,blank,Ketones,,0.1999999999999993
comp53,53,24,"[('#FF0000', 'red', 'most acidic position in a molecule')]",O=C(c1ccccc1)C1CCC1,24.9,blank,Ketones,,0.8999999999999986
comp54,54,25,"[('#FF0000', 'red', 'most acidic position in a molecule')]",O=C(c1ccccc1)C1CCCC1,25.8,blank,Ketones,,0.8000000000000007
comp55,55,25,"[('#FF0000', 'red', 'most acidic position in a molecule')]",O=C(c1ccccc1)C1CCCCC1,26.7,58,Ketones,,1.6999999999999993
comp56,56,25,"[('#FF0000', 'red', 'most acidic position in a molecule')]",O=C(c1ccccc1)C1CCCCCC1,27.7,blank,Ketones,,2.6999999999999993
comp57,57,25,"[('#FF0000', 'red', 'most acidic position in a molecule')]",O=C(c1ccccc1)C1CCCCCCC1,27.4,blank,Ketones,,2.3999999999999986
comp58,58,25,"[('#FF0000', 'red', 'most acidic position in a molecule'), ('#FF0000', 'red', 'most acidic position in a molecule')]",O=C1CCC1,26.2,blank,Ketones,,1.1999999999999993
comp59,59,25,"[('#FF0000', 'red', 'most acidic position in a molecule'), ('#FF0000', 'red', 'most acidic position in a molecule')]",O=C1CCCC1,25.8,51,Ketones,,0.8000000000000007
comp60,60,26,"[('#FF0000', 'red', 'most acidic position in a molecule'), ('#FF0000', 'red', 'most acidic position in a molecule')]",O=C1CCCCC1,26.4,51,Ketones,,0.3999999999999986
comp61,61,26,"[('#FF0000', 'red', 'most acidic position in a molecule'), ('#FF0000', 'red', 'most acidic position in a molecule')]",O=C1CCCCCC1,27.8,blank,Ketones,,1.8000000000000007
comp62,62,26,"[('#FF0000', 'red', 'most acidic position in a molecule'), ('#FF0000', 'red', 'most acidic position in a molecule')]",O=C1CCCCCCC1,27.4,blank,Ketones,,1.3999999999999986
comp63,63,26,"[('#FF0000', 'red', 'most acidic position in a molecule'), ('#FF0000', 'red', 'most acidic position in a molecule')]",O=C1CCCCCCCCC1,26.7,blank,Ketones,,0.6999999999999993
comp64,64,26,"[('#FF0000', 'red', 'most acidic position in a molecule'), ('#FF0000', 'red', 'most acidic position in a molecule')]",O=C1CCCCCCCCCCC1,26.9,blank,Ketones,,0.8999999999999986
comp65,65,23,"[('#FF0000', 'red', 'most acidic position in a molecule')]",CC1(C)CCCC(=O)C1,24.8,59,Ketones,,1.8000000000000007
comp66,66,23,"[('#FF0000', 'red', 'most acidic position in a molecule')]",O=C1Cc2ccccc21,25.8,blank,Ketones,,2.8000000000000007
comp67,67,22,"[('#FF0000', 'red', 'most acidic position in a molecule')]",O=C1CCc2ccccc21,16.9,51,Ketones,,5.100000000000001
comp68,68,24,"[('#FF0000', 'red', 'most acidic position in a molecule')]",O=C1CCCc2ccccc21,24.7,blank,Ketones,,0.6999999999999993
comp69,69,25,"[('#FF0000', 'red', 'most acidic position in a molecule')]",O=C1CC2CCC1C2,29.0,blank,Ketones,,4.0
comp70,70,25,"[('#FF0000', 'red', 'most acidic position in a molecule')]",O=C1CC2CCC1CC2,28.1,blank,Ketones,,3.1000000000000014
comp71,71,25,"[('#FF0000', 'red', 'most acidic position in a molecule')]",O=C1CCC2CCCC1C2,25.5,blank,Ketones,,0.5
comp72,72,31,"[('#FF0000', 'red', 'most acidic position in a molecule')]",CC1(C)CC2CCCC(C2)C1=O,32.4,blank,Ketones,,1.3999999999999986
comp73,73,10,"[('#FF0000', 'red', 'most acidic position in a molecule')]",O=C1CS(=O)(=O)c2ccccc21,10.1,53,Ketones,,0.09999999999999964
comp74,74,26,"[('#FF0000', 'red', 'most acidic position in a molecule'), ('#FF0000', 'red', 'most acidic position in a molecule')]",CCC(=O)CC,27.1,1,Ketones,,1.1000000000000014
comp75,75,27,"[('#FF0000', 'red', 'most acidic position in a molecule')]",CC(=O)C(C)(C)C,27.7,58,Ketones,,0.6999999999999993
comp76,76,26,"[('#FF0000', 'red', 'most acidic position in a molecule')]",CC(C)C(=O)c1ccccc1,26.3,58,Ketones,,0.3000000000000007
comp77,77,27,"[('#FF0000', 'red', 'most acidic position in a molecule'), ('#FF0000', 'red', 'most acidic position in a molecule')]",CC(C)C(=O)C(C)C,28.2,58,Ketones,,1.1999999999999993
comp78,78,13,"[('#FF0000', 'red', 'most acidic position in a molecule')]",CC(=O)CC(C)=O,13.3,42,Beta-diketones,,0.3000000000000007
comp79,79,15,"[('#FF0000', 'red', 'most acidic position in a molecule')]",CC(=O)C(C)C(C)=O,15.1,42,Beta-diketones,,0.09999999999999964
comp80,80,14,"[('#FF0000', 'red', 'most acidic position in a molecule')]",CCC(C(C)=O)C(C)=O,15.3,43,Beta-diketones,,1.3000000000000007
comp81,81,8,"[('#FF0000', 'red', 'most acidic position in a molecule')]",CC(=O)C(C(C)=O)C(C)=O,8.6,43,Beta-diketones,,0.5999999999999996
comp82,82,10,"[('#FF0000', 'red', 'most acidic position in a molecule')]",CC1(C)CC(=O)CC(=O)C1,11.2,42,Beta-diketones,,1.1999999999999993
comp83,83,11,"[('#FF0000', 'red', 'most acidic position in a molecule')]",CC1C(=O)CC(C)(C)CC1=O,11.3,43,Beta-diketones,,0.3000000000000007
comp84,84,7,"[('#FF0000', 'red', 'most acidic position in a molecule')]",CC(=O)C1C(=O)CC(C)(C)CC1=O,9.8,43,Beta-diketones,,2.8000000000000007
comp85,85,11,"[('#FF0000', 'red', 'most acidic position in a molecule')]",O=C1CCCC(=O)C1,10.3,59,Beta-diketones,,0.6999999999999993
comp86,86,16,"[('#FF0000', 'red', 'most acidic position in a molecule')]",CC1CCC(=O)C2C(=O)CCCC12,18.2,42,Beta-diketones,,2.1999999999999993
comp87,87,14,"[('#FF0000', 'red', 'most acidic position in a molecule')]",CCOC(=O)CC(C)=O,14.2,52,Beta-diketones,,0.1999999999999993
comp88,88,14,"[('#FF0000', 'red', 'most acidic position in a molecule')]",O=C1Cc2ccccc2O1,13.5,51,Lactones,,0.5
comp89,89,10,"[('#FF0000', 'red', 'most acidic position in a molecule')]",S=C1Cc2ccccc2O1,10.7,51,Lactones,,0.6999999999999993
comp90,90,25,"[('#FF0000', 'red', 'most acidic position in a molecule')]",O=C1CCCCO1,25.2,59,Lactones,,0.1999999999999993
comp91,91,22,"[('#FF0000', 'red', 'most acidic position in a molecule')]",CC1(C)OCCC(=O)O1,23.3,59,Lactones,,1.3000000000000007
comp92,92,24,"[('#FF0000', 'red', 'most acidic position in a molecule')]",CC1(C)CCCC(=O)O1,24.5,59,Lactones,,0.5
comp93,93,29,"[('#FF0000', 'red', 'most acidic position in a molecule')]",CCOC(C)=O,29.5,44,Esters,,0.5
comp94,94,19,"[('#FF0000', 'red', 'most acidic position in a molecule')]",CCOC(=O)C[N+](C)(C)C,20.0,44,Esters,,1.0
comp95,95,12,"[('#FF0000', 'red', 'most acidic position in a molecule')]",CCOC(=O)C[n+]1ccccc1,14.1,44,Esters; Ammonium salts,,2.0999999999999996
comp96,96,22,"[('#FF0000', 'red', 'most acidic position in a molecule')]",CCOC(=O)Cc1ccccc1,22.7,18,Esters,,0.6999999999999993
comp97,97,13,"[('#FF0000', 'red', 'most acidic position in a molecule')]",CCOC(=O)CC#N,13.1,18,Esters,,0.09999999999999964
comp98,98,21,"[('#FF0000', 'red', 'most acidic position in a molecule')]",CCOC(=O)CSc1ccccc1,21.4,52,Esters,,0.3999999999999986
comp99,99,6,"[('#FF0000', 'red', 'most acidic position in a molecule')]",CCOC(=O)CS(=O)(=O)C(F)(F)F,6.4,61,Esters,,0.40000000000000036
comp100,100,7,"[('#33C1EA', 'light blue', 'acidic but unfavourable in lithiation (due to electronic repulsion)')]",CCOC(=O)C[N+](=O)[O-],9.1,61,Esters,,2.0999999999999996
comp101,101,30,"[('#FF0000', 'red', 'most acidic position in a molecule')]",CC(=O)OC(C)(C)C,30.3,blank,Esters,,0.3000000000000007
comp102,102,21,"[('#FF0000', 'red', 'most acidic position in a molecule')]",CC(C)(C)OC(=O)Cc1ccccc1,23.6,18,Esters,,2.6000000000000014
comp103,103,14,"[('#FF0000', 'red', 'most acidic position in a molecule')]",S=C(Cc1ccccc1)Oc1ccccc1,16.9,51,Esters,,2.8999999999999986
comp104,104,18,"[('#FF0000', 'red', 'most acidic position in a molecule')]",O=C(Cc1ccccc1)Oc1ccccc1,18.7,51,Esters,,0.6999999999999993
comp105,105,16,"[('#FF0000', 'red', 'most acidic position in a molecule')]",O=C(Cc1ccccc1)Sc1ccccc1,16.9,51,Esters,,0.8999999999999986
comp106,106,19,"[('#FF0000', 'red', 'most acidic position in a molecule')]",CCOC(=O)CN=Cc1ccccc1,19.5,38,Esters,,0.5
comp107,107,21,"[('#FF0000', 'red', 'most acidic position in a molecule')]",COC(=O)C1SCCCS1,20.9,blank,Esters,,0.10000000000000142
comp108,108,11,"[('#FF0000', 'red', 'most acidic position in a molecule')]",CC1(C)CC(=O)CC(=O)O1,11.5,59,Esters,,0.5
comp109,109,16,"[('#FF0000', 'red', 'most acidic position in a molecule')]",CCOC(=O)CC(=O)OCC,16.4,42,Malonate Esters,,0.3999999999999986
comp110,110,11,"[('#FF0000', 'red', 'most acidic position in a molecule')]",CCOC(=O)C(C(=O)OCC)[N+](C)(C)C,11.8,44,Malonate Esters,,0.8000000000000007
comp111,111,6,"[('#FF0000', 'red', 'most acidic position in a molecule')]",CCOC(=O)C(C(=O)OCC)[n+]1ccccc1,5.6,44,Malonate Esters,,0.40000000000000036
comp112,112,17,"[('#FF0000', 'red', 'most acidic position in a molecule')]",COC(=O)CC(=O)OC,15.9,43,Malonate Esters,,1.0999999999999996
comp113,113,18,"[('#FF0000', 'red', 'most acidic position in a molecule')]",COC(=O)C(C)C(=O)OC,18.0,43,Malonate Esters,,0.0
comp114,114,17,"[('#FF0000', 'red', 'most acidic position in a molecule')]",CCC(C(=O)OC)C(=O)OC,18.5,43,Malonate Esters,,1.5
comp115,115,11,"[('#FF0000', 'red', 'most acidic position in a molecule')]",COC(=O)C(C(=O)OC)C(=O)OC,10.8,43,Malonate Esters,,0.1999999999999993
comp116,116,10,"[('#FF0000', 'red', 'most acidic position in a molecule')]",COC(=O)C(C(=O)OC)C(F)(F)F,10.8,blank,Malonate Esters,,0.8000000000000007
comp117,117,7,"[('#FF0000', 'red', 'most acidic position in a molecule')]",CC1(C)OC(=O)CC(=O)O1,7.3,43,Malonate Esters,,0.2999999999999998
comp118,118,7,"[('#FF0000', 'red', 'most acidic position in a molecule')]",CC1C(=O)OC(C)(C)OC1=O,7.4,43,Malonate Esters,,0.40000000000000036
comp119,119,7,"[('#FF0000', 'red', 'most acidic position in a molecule')]",CCC1C(=O)OC(C)(C)OC1=O,7.6,43,Malonate Esters,,0.5999999999999996
comp120,120,34,"[('#FF0000', 'red', 'most acidic position in a molecule')]",CCN(CC)C(C)=O,35.0,blank,Amides,pKa parenthesis,1.0
comp121,121,24,"[('#FF0000', 'red', 'most acidic position in a molecule')]",CCN(CC)C(=O)C[N+](C)(C)C,24.9,"44, 18",Amides; Ammonium salts,,0.8999999999999986
comp122,122,26,"[('#FF0000', 'red', 'most acidic position in a molecule')]",CN(C)C(=O)Cc1ccccc1,26.6,18,Amides,,0.6000000000000014
comp123,123,25,"[('#FF0000', 'red', 'most acidic position in a molecule')]",CN(C)C(=O)CSc1ccccc1,25.9,18,Amides,,0.8999999999999986
comp125,125,18,"[('#FF0000', 'red', 'most acidic position in a molecule')]",CC(=O)CC(=O)N(C)C,18.2,51,Amides,,0.1999999999999993
comp126,126,16,"[('#FF0000', 'red', 'most acidic position in a molecule')]",N#CCC(=O)N1CCCC1,17.2,18,Nitriles; Amides,,1.1999999999999993
comp127,127,25,"[('#FF0000', 'red', 'most acidic position in a molecule')]",CC(=S)N(C)C,25.7,51,Amides,,0.6999999999999993
comp128,128,20,"[('#FF0000', 'red', 'most acidic position in a molecule')]",CN(C)C(=S)Cc1ccccc1,21.3,51,Amides,,1.3000000000000007
comp129,129,17,"[('#FF0000', 'red', 'most acidic position in a molecule')]",CN1C(=O)Cc2ccccc21,18.5,51,Amides,,1.5
comp130,130,10,"[('#FF0000', 'red', 'most acidic position in a molecule')]",CN1C(=S)Cc2ccccc21,10.0,51,Amides,,0.0
comp131,131,16,"[('#33C1EA', 'light blue', 'acidic but unfavourable in lithiation (due to electronic repulsion)')]",C[N+](=O)[O-],17.2,1,Nitro,,1.1999999999999993
comp132,132,16,"[('#33C1EA', 'light blue', 'acidic but unfavourable in lithiation (due to electronic repulsion)')]",CC[N+](=O)[O-],16.7,1,Nitro,,0.6999999999999993
comp133,133,17,"[('#33C1EA', 'light blue', 'acidic but unfavourable in lithiation (due to electronic repulsion)')]",CCC[N+](=O)[O-],17.0,blank,Nitro,,0.0
comp134,134,12,"[('#33C1EA', 'light blue', 'acidic but unfavourable in lithiation (due to electronic repulsion)')]",O=[N+]([O-])Cc1ccccc1,12.2,9,Nitro,,0.1999999999999993
comp135,135,11,"[('#33C1EA', 'light blue', 'acidic but unfavourable in lithiation (due to electronic repulsion)')]",O=[N+]([O-])CSc1ccccc1,11.8,10,Nitro,,0.8000000000000007
comp136,136,6,"[('#33C1EA', 'light blue', 'acidic but unfavourable in lithiation (due to electronic repulsion)')]",O=[N+]([O-])CS(=O)(=O)c1ccccc1,7.1,5,Nitro; Sulfones,,1.0999999999999996
comp137,137,7,"[('#33C1EA', 'light blue', 'acidic but unfavourable in lithiation (due to electronic repulsion)')]",O=[N+]([O-])CC(=O)c1ccccc1,7.7,6,Nitro,,0.7000000000000002
comp138,138,12,"[('#33C1EA', 'light blue', 'acidic but unfavourable in lithiation (due to electronic repulsion)')]",C=CC[N+](=O)[O-],11.3,blank,Nitro,,0.6999999999999993
comp139,139,17,"[('#33C1EA', 'light blue', 'acidic but unfavourable in lithiation (due to electronic repulsion)')]",CC(C)[N+](=O)[O-],16.9,2,Nitro,,0.10000000000000142
comp140,140,26,"[('#33C1EA', 'light blue', 'acidic but unfavourable in lithiation (due to electronic repulsion)')]",O=[N+]([O-])C1CC1,26.9,12,Nitro,,0.8999999999999986
comp141,141,16,"[('#33C1EA', 'light blue', 'acidic but unfavourable in lithiation (due to electronic repulsion)')]",O=[N+]([O-])C1CCC1,17.8,12,Nitro,,1.8000000000000007
comp142,142,17,"[('#33C1EA', 'light blue', 'acidic but unfavourable in lithiation (due to electronic repulsion)')]",O=[N+]([O-])C1CCCC1,16.0,12,Nitro,,1.0
comp143,143,17,"[('#33C1EA', 'light blue', 'acidic but unfavourable in lithiation (due to electronic repulsion)')]",O=[N+]([O-])C1CCCCC1,17.9,12,Nitro,,0.8999999999999986
comp144,144,17,"[('#33C1EA', 'light blue', 'acidic but unfavourable in lithiation (due to electronic repulsion)')]",O=[N+]([O-])C1CCCCCC1,15.8,12,Nitro,,1.1999999999999993
comp145,145,31,"[('#FF0000', 'red', 'most acidic position in a molecule')]",CC#N,31.3,1,Nitriles,,0.3000000000000007
comp146,146,32,"[('#FF0000', 'red', 'most acidic position in a molecule')]",CCC#N,32.5,5,Nitriles,,0.5
comp147,147,22,"[('#FF0000', 'red', 'most acidic position in a molecule')]",N#CCc1ccccc1,21.9,"9, 60",Nitriles,,0.10000000000000142
comp148,148,15,"[('#FF0000', 'red', 'most acidic position in a molecule')]",N#CCc1c(F)c(F)c(F)c(F)c1F,15.8,37,Nitriles,,0.8000000000000007
comp149,149,20,"[('#FF0000', 'red', 'most acidic position in a molecule')]",N#CCc1ccco1,21.4,blank,Nitriles,,1.3999999999999986
comp150,150,21,"[('#FF0000', 'red', 'most acidic position in a molecule')]",N#CCc1cccc2ccccc12,20.9,60,Nitriles,,0.10000000000000142
comp151,151,21,"[('#FF0000', 'red', 'most acidic position in a molecule')]",N#CCc1ccc2ccccc2c1,20.7,60,Nitriles,,0.3000000000000007
comp152,152,19,"[('#FF0000', 'red', 'most acidic position in a molecule')]",N#CCc1c2ccccc2cc2ccccc12,19.8,60,Nitriles,,0.8000000000000007
comp153,153,10,"[('#FF0000', 'red', 'most acidic position in a molecule')]",N#CCC(=O)c1ccccc1,10.2,6,Nitriles,,0.1999999999999993
comp154,154,13,"[('#FF0000', 'red', 'most acidic position in a molecule')]",CCOC(=O)CC#N,13.1,18,Nitriles,,0.09999999999999964
comp155,155,10,"[('#FF0000', 'red', 'most acidic position in a molecule')]",N#CCC#N,11.1,1,Malononitriles,,1.0999999999999996
comp156,156,29,"[('#00FF00', 'light green', 'deprotonation via chelation controlled process is possible')]",N#CCOc1ccccc1,28.1,5,Nitriles; Ethers,,0.8999999999999986
comp157,157,19,"[('#FF0000', 'red', 'most acidic position in a molecule')]",C[N+](C)(C)CC#N,20.6,"6, 5",Nitriles,,1.6000000000000014
comp158,158,13,"[('#FF0000', 'red', 'most acidic position in a molecule')]",N#CC[n+]1ccccc1,16.5,44,Nitriles; Ammonium salts,,3.5
comp159,159,20,"[('#FF0000', 'red', 'most acidic position in a molecule')]",N#CCSc1ccccc1,20.8,5,Nitriles,,0.8000000000000007
comp160,160,24,"[('#FF0000', 'red', 'most acidic position in a molecule')]",CSCC#N,24.3,"36, 21",Nitriles,,0.3000000000000007
comp161,161,12,"[('#FF0000', 'red', 'most acidic position in a molecule')]",N#CCS(=O)(=O)c1ccccc1,12.0,6,Nitriles,,0.0
comp162,162,19,"[('#FF0000', 'red', 'most acidic position in a molecule')]",Cc1ccc(CC#N)cc1,22.9,60,Nitriles,,3.8999999999999986
comp164,164,18,"[('#FF0000', 'red', 'most acidic position in a molecule')]",N#CCc1ccc(-c2ccccc2)cc1,20.8,60,Nitriles,,2.8000000000000007
comp165,165,18,"[('#FF0000', 'red', 'most acidic position in a molecule')]",N#CCc1ccc(C(=O)c2ccccc2)cc1,16.0,60,Nitriles,,2.0
comp166,166,18,"[('#FF0000', 'red', 'most acidic position in a molecule')]",CN(C)c1ccc(CC#N)cc1,24.6,60,Nitriles,,6.600000000000001
comp167,167,20,"[('#FF0000', 'red', 'most acidic position in a molecule')]",COc1ccc(CC#N)cc1,23.8,60,Nitriles,,3.8000000000000007
comp168,168,21,"[('#FF0000', 'red', 'most acidic position in a molecule')]",COc1cccc(CC#N)c1,21.6,60,Nitriles,,0.6000000000000014
comp169,169,20,"[('#FF0000', 'red', 'most acidic position in a molecule')]",N#CCc1ccc(F)cc1,22.2,"37, 60",Nitriles,,2.1999999999999993
comp170,170,22,"[('#FF0000', 'red', 'most acidic position in a molecule')]",N#CCc1cccc(F)c1,20.0,"37, 60",Nitriles,,2.0
comp171,171,19,"[('#FF0000', 'red', 'most acidic position in a molecule')]",N#CCc1ccccc1F,20.4,37,Nitriles,,1.3999999999999986
comp172,172,20,"[('#FF0000', 'red', 'most acidic position in a molecule')]",N#CCc1ccc(Cl)cc1,20.5,60,Nitriles,,0.5
comp173,173,24,"[('#FF0000', 'red', 'most acidic position in a molecule')]",N#CCc1cccc(Cl)c1,19.5,60,Nitriles,,4.5
comp174,174,20,"[('#FF0000', 'red', 'most acidic position in a molecule')]",N#CCc1cccc(Br)c1,19.4,60,Nitriles,,0.6000000000000014
comp175,175,17,"[('#FF0000', 'red', 'most acidic position in a molecule')]",N#CCc1ccc(C#N)cc1,16.0,60,Nitriles,,1.0
comp176,176,24,"[('#FF0000', 'red', 'most acidic position in a molecule')]",N#CCc1cccc(C#N)c1,18.7,60,Nitriles,,5.300000000000001
comp177,177,14,"[('#FF0000', 'red', 'most acidic position in a molecule')]",N#CCc1ccc([N+](=O)[O-])cc1,12.3,60,Nitriles,,1.6999999999999993
comp178,178,18,"[('#FF0000', 'red', 'most acidic position in a molecule')]",N#CCc1cccc([N+](=O)[O-])c1,18.1,60,Nitriles,,0.10000000000000142
comp179,179,19,"[('#FF0000', 'red', 'most acidic position in a molecule')]",N#CCc1cccc(C(F)(F)F)c1,19.2,60,Nitriles,,0.1999999999999993
comp180,180,18,"[('#FF0000', 'red', 'most acidic position in a molecule')]",N#CCc1ccc(Sc2ccccc2)cc1,19.6,6,Nitriles,,1.6000000000000014
comp181,181,16,"[('#FF0000', 'red', 'most acidic position in a molecule')]",N#CCc1cccc(Sc2ccccc2)c1,20.4,60,Nitriles,,4.399999999999999
comp182,182,16,"[('#FF0000', 'red', 'most acidic position in a molecule')]",N#CCc1ccc(S(=O)(=O)c2ccccc2)cc1,15.8,60,Nitriles,,0.1999999999999993
comp183,183,18,"[('#FF0000', 'red', 'most acidic position in a molecule')]",N#CCc1cccc(S(=O)(=O)c2ccccc2)c1,18.5,60,Nitriles,,0.5
comp184,184,16,"[('#FF0000', 'red', 'most acidic position in a molecule')]",N#CC(c1ccccc1)c1ccccc1,17.5,"9, 60",Nitriles,,1.5
comp185,185,7,"[('#FF0000', 'red', 'most acidic position in a molecule')]",N#CC(c1c(F)c(F)c(F)c(F)c1F)c1c(F)c(F)c(F)c(F)c1F,8.0,37,Nitriles,,1.0
comp186,186,21,"[('#FF0000', 'red', 'most acidic position in a molecule')]",CC(C#N)c1ccccc1,23.0,60,Nitriles,,2.0
comp187,187,11,"[('#FF0000', 'red', 'most acidic position in a molecule')]",CC(C#N)C#N,12.4,13,Malononitriles,,1.4000000000000004
comp188,188,4,"[('#FF0000', 'red', 'most acidic position in a molecule')]",N#CC(C#N)c1ccccc1,4.2,blank,Malononitriles,,0.20000000000000018
comp189,189,3,"[('#FF0000', 'red', 'most acidic position in a molecule')]",N#CC(C#N)c1ccc(Cl)cc1,3.1,blank,Malononitriles,,0.10000000000000009
comp190,190,3,"[('#FF0000', 'red', 'most acidic position in a molecule')]",COc1ccc(C(C#N)C#N)cc1,5.6,blank,Malononitriles,,2.5999999999999996
comp191,191,11,"[('#FF0000', 'red', 'most acidic position in a molecule')]",CC(C)(C)C(C#N)C#N,13.2,blank,Malononitriles,,2.1999999999999993
comp194,194,59,"[('#FF0000', 'red', 'most acidic position in a molecule'), ('#FF0000', 'red', 'most acidic position in a molecule'), ('#FF0000', 'red', 'most acidic position in a molecule'), ('#FF0000', 'red', 'most acidic position in a molecule'), ('#FF0000', 'red', 'most acidic position in a molecule')]",C1CCCC1,59.0,19,Hydrocarbons,pKa parenthesis,0.0
comp195,195,38,"[('#FF0000', 'red', 'most acidic position in a molecule')]",Cc1ccccc1,43.0,11,Hydrocarbons,pKa parenthesis,5.0
comp196,196,28,"[('#FF0000', 'red', 'most acidic position in a molecule')]",Cc1ccc(C#N)cc1,30.8,11,Hydrocarbons,,2.8000000000000007
comp197,197,23,"[('#FF0000', 'red', 'most acidic position in a molecule')]",Cc1ccc([N+](=O)[O-])cc1,20.4,11,Hydrocarbons,,2.6000000000000014
comp198,198,25,"[('#FF0000', 'red', 'most acidic position in a molecule')]",Cc1ccc([N+](C)(C)C)cc1,31.9,44,Hydrocarbons,,6.899999999999999
comp199,199,24,"[('#FF0000', 'red', 'most acidic position in a molecule')]",Cc1ccc(-[n+]2ccccc2)cc1,20.5,44,Hydrocarbons,,3.5
comp200,200,28,"[('#FF0000', 'red', 'most acidic position in a molecule')]",Cc1ccc(C(=O)c2ccccc2)cc1,26.9,11,Hydrocarbons,,1.1000000000000014
comp201,201,26,"[('#FF0000', 'red', 'most acidic position in a molecule')]",Cc1ccc(S(=O)(=O)c2ccccc2)cc1,29.8,11,Hydrocarbons,,3.8000000000000007
comp202,202,26,"[('#FF0000', 'red', 'most acidic position in a molecule')]",Cc1ccc(S(=O)(=O)C(F)(F)F)cc1,24.0,11,Hydrocarbons,,2.0
comp203,203,30,"[('#FF0000', 'red', 'most acidic position in a molecule')]",Cc1c2ccccc2cc2ccccc12,31.1,blank,Hydrocarbons,,1.1000000000000014
comp204,204,31,"[('#FF0000', 'red', 'most acidic position in a molecule')]",COCc1c2ccccc2cc2ccccc12,30.6,blank,Hydrocarbons,,0.3999999999999986
comp205,205,30,"[('#00FF00', 'light green', 'deprotonation via chelation controlled process is possible')]",c1ccc(OCc2c3ccccc3cc3ccccc23)cc1,30.2,blank,Hydrocarbons,,0.1999999999999993
comp206,206,30,"[('#FF0000', 'red', 'most acidic position in a molecule')]",CCCCCCSCc1c2ccccc2cc2ccccc12,29.9,blank,Hydrocarbons,,0.10000000000000142
comp207,207,28,"[('#FF0000', 'red', 'most acidic position in a molecule')]",c1ccc(SCc2c3ccccc3cc3ccccc23)cc1,28.6,blank,Hydrocarbons,,0.6000000000000014
comp208,208,31,"[('#FF0000', 'red', 'most acidic position in a molecule')]",CCc1c2ccccc2cc2ccccc12,32.4,blank,Hydrocarbons,,1.3999999999999986
comp209,209,19,"[('#FF0000', 'red', 'most acidic position in a molecule')]",N#CCc1c2ccccc2cc2ccccc12,19.7,blank,Hydrocarbons,,0.6999999999999993
comp210,210,11,"[('#33C1EA', 'light blue', 'acidic but unfavourable in lithiation (due to electronic repulsion)')]",O=[N+]([O-])Cc1c2ccccc2cc2ccccc12,12.7,blank,Hydrocarbons,,1.6999999999999993
comp211,211,28,"[('#FF0000', 'red', 'most acidic position in a molecule'), ('#FF0000', 'red', 'most acidic position in a molecule')]",Cc1c2ccccc2c(C)c2ccccc12,31.8,blank,Hydrocarbons,,3.8000000000000007
comp212,212,30,"[('#FF0000', 'red', 'most acidic position in a molecule')]",Cc1c2ccccc2c(Cl)c2ccccc12,28.2,blank,Hydrocarbons,,1.8000000000000007
comp213,213,30,"[('#FF0000', 'red', 'most acidic position in a molecule')]",Cc1c2ccccc2c(Br)c2ccccc12,28.4,blank,Hydrocarbons,,1.6000000000000014
comp214,214,26,"[('#FF0000', 'red', 'most acidic position in a molecule')]",Cc1c2ccccc2c(C#N)c2ccccc12,20.0,blank,Hydrocarbons,,6.0
comp215,215,20,"[('#FF0000', 'red', 'most acidic position in a molecule')]",Cc1c2ccccc2c([N+](=O)[O-])c2ccccc12,13.2,blank,Hydrocarbons,,6.800000000000001
comp216,216,30,"[('#FF0000', 'red', 'most acidic position in a molecule')]",c1ccc(Cc2ccccc2)cc1,32.3,3,Hydrocarbons,,2.299999999999997
comp217,217,35,"[('#FF0000', 'red', 'most acidic position in a molecule')]",C=CCC=C,35.0,19,Hydrocarbons; allyl,,0.0
comp218,218,20,"[('#FF0000', 'red', 'most acidic position in a molecule')]",Fc1c(F)c(F)c(Cc2c(F)c(F)c(F)c(F)c2F)c(F)c1F,22.0,37,Hydrocarbons,,2.0
comp219,219,13,"[('#FF0000', 'red', 'most acidic position in a molecule')]",O=[N+]([O-])c1ccc(Cc2ccc([N+](=O)[O-])cc2)cc1,15.2,54,Hydrocarbons,,2.1999999999999993
comp220,220,29,"[('#FF0000', 'red', 'most acidic position in a molecule')]",c1ccc(C(c2ccccc2)c2ccccc2)cc1,30.6,1,Hydrocarbons,,1.6000000000000014
comp221,221,25,"[('#FF0000', 'red', 'most acidic position in a molecule')]",Clc1ccc(C(c2ccc(Cl)cc2)c2ccc(Cl)cc2)cc1,27.0,blank,Hydrocarbons,,2.0
comp222,222,12,"[('#FF0000', 'red', 'most acidic position in a molecule')]",O=[N+]([O-])c1ccc(C(c2ccc([N+](=O)[O-])cc2)c2ccc([N+](=O)[O-])cc2)cc1,12.7,54,Hydrocarbons,,0.6999999999999993
comp223,223,25,"[('#FF0000', 'red', 'most acidic position in a molecule')]",C(=C(c1ccccc1)c1ccccc1)C(c1ccccc1)c1ccccc1,25.8,52,Hydrocarbons; allyl,,0.8000000000000007
comp224,224,28,"[('#FF0000', 'red', 'most acidic position in a molecule'), ('#FF0000', 'red', 'most acidic position in a molecule')]",c1ccc2c(c1)Cc1ccccc1C2,30.1,9,Hydrocarbons,,2.1000000000000014
comp225,225,28,"[('#FF0000', 'red', 'most acidic position in a molecule')]",c1ccc2c(c1)Cc1ccccc1O2,30.0,9,Hydrocarbons,,2.0
comp226,226,18,"[('#FF0000', 'red', 'most acidic position in a molecule')]",C1=CCC=C1,18.0,19,Hydrocarbons,,0.0
comp227,227,26,"[('#FF0000', 'red', 'most acidic position in a molecule')]",CC1=C(C)C(C)=C(C)C1,26.1,22,Hydrocarbons,,0.10000000000000142
comp228,228,20,"[('#FF0000', 'red', 'most acidic position in a molecule')]",C1=Cc2ccccc2C1,20.1,17,Hydrocarbons,,0.10000000000000142
comp229,229,21,"[('#FF0000', 'red', 'most acidic position in a molecule')]",CC1=Cc2ccccc2C1,21.8,22,Hydrocarbons,,0.8000000000000007
comp230,230,22,"[('#FF0000', 'red', 'most acidic position in a molecule')]",CC1=CCc2ccccc21,22.5,22,Hydrocarbons,,0.5
comp231,231,17,"[('#FF0000', 'red', 'most acidic position in a molecule')]",C1=C(c2ccccc2)c2ccccc2C1,17.3,17,Hydrocarbons,,0.3000000000000007
comp232,232,27,"[('#FF0000', 'red', 'most acidic position in a molecule')]",c1ccc(Cc2ccccn2)cc1,28.2,blank,Heteroaromatics; Pyridyl,,1.1999999999999993
comp233,233,23,"[('#FF0000', 'red', 'most acidic position in a molecule')]",[O-][n+]1ccccc1Cc1ccccc1,25.2,blank,Heteroaromatics; Pyridyl,,2.1999999999999993
comp234,234,29,"[('#FF0000', 'red', 'most acidic position in a molecule')]",c1ccc(Cc2cccnc2)cc1,30.1,blank,Heteroaromatics; Pyridyl,,1.1000000000000014
comp235,235,27,"[('#FF0000', 'red', 'most acidic position in a molecule')]",c1ccc(Cc2ccncc2)cc1,26.7,blank,Heteroaromatics; Pyridyl,,0.3000000000000007
comp236,236,34,"[('#FF0000', 'red', 'most acidic position in a molecule')]",Cc1ccncc1,35.0,52,Heteroaromatics; Pyridyl,pKa parenthesis,1.0
comp237,237,29,"[('#FF0000', 'red', 'most acidic position in a molecule')]",c1ccc(Cc2ccco2)cc1,30.2,blank,Heteroaromatics,,1.1999999999999993
comp238,238,28,"[('#FF0000', 'red', 'most acidic position in a molecule')]",c1ccc(Cc2cccs2)cc1,30.0,blank,Heteroaromatics,,2.0
comp239,239,23,"[('#FF0000', 'red', 'most acidic position in a molecule')]",c1ccc2c(c1)Cc1ccccc1-2,22.6,1,Fluorenes,,0.3999999999999986
comp240,240,22,"[('#FF0000', 'red', 'most acidic position in a molecule')]",CC1c2ccccc2-c2ccccc21,22.3,1,Fluorenes,,0.3000000000000007
comp241,241,21,"[('#FF0000', 'red', 'most acidic position in a molecule')]",CCC1c2ccccc2-c2ccccc21,22.3,21,Fluorenes,,1.3000000000000007
comp242,242,21,"[('#FF0000', 'red', 'most acidic position in a molecule')]",CCCC1c2ccccc2-c2ccccc21,22.2,blank,Fluorenes,,1.1999999999999993
comp243,243,22,"[('#FF0000', 'red', 'most acidic position in a molecule')]",CC(C)C1c2ccccc2-c2ccccc21,23.2,21,Fluorenes,,1.1999999999999993
comp244,244,22,"[('#FF0000', 'red', 'most acidic position in a molecule')]",CC(C)(C)C1c2ccccc2-c2ccccc21,24.4,21,Fluorenes,,2.3999999999999986
comp245,245,20,"[('#FF0000', 'red', 'most acidic position in a molecule')]",CC(C)CC1c2ccccc2-c2ccccc21,21.6,blank,Fluorenes,,1.6000000000000014
comp246,246,20,"[('#FF0000', 'red', 'most acidic position in a molecule')]",CC(C)(C)CC1c2ccccc2-c2ccccc21,20.3,blank,Fluorenes,,0.3000000000000007
comp247,247,18,"[('#FF0000', 'red', 'most acidic position in a molecule')]",c1ccc(C2c3ccccc3-c3ccccc32)cc1,17.9,1,Fluorenes,,0.10000000000000142
comp248,248,16,"[('#FF0000', 'red', 'most acidic position in a molecule')]",Cc1ccccc1C1c2ccccc2-c2ccccc21,18.8,blank,Fluorenes,,2.8000000000000007
comp249,249,16,"[('#FF0000', 'red', 'most acidic position in a molecule')]",Cc1ccc(C2c3ccccc3-c3ccccc32)cc1,18.3,blank,Fluorenes,,2.3000000000000007
comp250,250,14,"[('#FF0000', 'red', 'most acidic position in a molecule')]",Fc1c(F)c(F)c(C2c3ccccc3-c3ccccc32)c(F)c1F,14.8,blank,Fluorenes,,0.8000000000000007
comp252,252,21,"[('#FF0000', 'red', 'most acidic position in a molecule')]",C[Si](C)(C)C1c2ccccc2-c2ccccc21,21.5,26,Fluorenes; Silanes,,0.5
comp253,253,18,"[('#FF0000', 'red', 'most acidic position in a molecule')]",c1ccc([Si](c2ccccc2)(c2ccccc2)C2c3ccccc3-c3ccccc32)cc1,18.6,26,Fluorenes; Silanes,,0.6000000000000014
comp254,254,9,"[('#FF0000', 'red', 'most acidic position in a molecule')]",O=C(c1ccccc1)C1c2ccccc2-c2ccccc21,10.0,blank,Fluorenes,,1.0
comp255,255,10,"[('#FF0000', 'red', 'most acidic position in a molecule')]",COC(=O)C1c2ccccc2-c2ccccc21,10.3,1,Fluorenes,,0.3000000000000007
comp256,256,8,"[('#FF0000', 'red', 'most acidic position in a molecule')]",CCSC(=O)C1c2ccccc2-c2ccccc21,8.8,blank,Fluorenes,,0.8000000000000007
comp257,257,9,"[('#FF0000', 'red', 'most acidic position in a molecule')]",NC(=O)C1c2ccccc2-c2ccccc21,14.8,blank,Fluorenes,,5.800000000000001
comp258,258,8,"[('#FF0000', 'red', 'most acidic position in a molecule')]",N#CC1c2ccccc2-c2ccccc21,8.3,1,Fluorenes; Nitriles,,0.3000000000000007
comp260,260,7,"[('#33C1EA', 'light blue', 'acidic but unfavourable in lithiation (due to electronic repulsion)')]",O=[N+]([O-])C1c2ccccc2-c2ccccc21,7.1,blank,Fluorenes,,0.09999999999999964
comp262,262,18,"[('#33C1EA', 'light blue', 'acidic but unfavourable in lithiation (due to electronic repulsion)')]",CN(C)C1c2ccccc2-c2ccccc21,22.5,"34, 36",Fluorenes,,4.5
comp263,263,17,"[('#FF0000', 'red', 'most acidic position in a molecule')]",C[N+](C)(C)C1c2ccccc2-c2ccccc21,17.8,33,Fluorenes,,0.8000000000000007
comp264,264,10,"[('#FF0000', 'red', 'most acidic position in a molecule')]",c1cc[n+](C2c3ccccc3-c3ccccc32)cc1,11.8,44,Fluorenes,,1.8000000000000007
comp265,265,7,"[('#FF0000', 'red', 'most acidic position in a molecule')]",c1ccc([P+](c2ccccc2)(c2ccccc2)C2c3ccccc3-c3ccccc32)cc1,6.6,33,Fluorenes,,0.40000000000000036
comp266,266,21,"[('#FF0000', 'red', 'most acidic position in a molecule')]",COC1c2ccccc2-c2ccccc21,22.1,5,Fluorenes; Ethers,,1.1000000000000014
comp267,267,20,"[('#FF0000', 'red', 'most acidic position in a molecule')]",CC(C)OC1c2ccccc2-c2ccccc21,21.4,5,Fluorenes; Ethers,,1.3999999999999986
comp268,268,20,"[('#FF0000', 'red', 'most acidic position in a molecule')]",CC(C)(C)OC1c2ccccc2-c2ccccc21,21.3,5,Fluorenes; Ethers,,1.3000000000000007
comp269,269,19,"[('#00FF00', 'light green', 'deprotonation via chelation controlled process is possible')]",c1ccc(OC2c3ccccc3-c3ccccc32)cc1,19.9,5,Fluorenes; Ethers,,0.8999999999999986
comp270,270,18,"[('#FF0000', 'red', 'most acidic position in a molecule')]",CSC1c2ccccc2-c2ccccc21,18.0,7,Fluorenes,,0.0
comp271,271,16,"[('#FF0000', 'red', 'most acidic position in a molecule')]",CC(C)SC1c2ccccc2-c2ccccc21,16.9,blank,Fluorenes,,0.8999999999999986
comp272,272,15,"[('#FF0000', 'red', 'most acidic position in a molecule')]",CC(C)(C)SC1c2ccccc2-c2ccccc21,15.9,blank,Fluorenes,,0.9000000000000004
comp273,273,15,"[('#FF0000', 'red', 'most acidic position in a molecule')]",c1ccc(SC2c3ccccc3-c3ccccc32)cc1,15.5,5,Fluorenes,,0.5
comp274,274,14,"[('#FF0000', 'red', 'most acidic position in a molecule')]",O=S(c1ccccc1)C1c2ccccc2-c2ccccc21,15.1,blank,Fluorenes,,1.0999999999999996
comp275,275,15,"[('#FF0000', 'red', 'most acidic position in a molecule')]",O=S(Cc1ccccc1)C1c2ccccc2-c2ccccc21,15.7,blank,Fluorenes,,0.6999999999999993
comp276,276,12,"[('#FF0000', 'red', 'most acidic position in a molecule')]",CS(=O)(=O)C1c2ccccc2-c2ccccc21,12.8,blank,Fluorenes,,0.8000000000000007
comp277,277,12,"[('#FF0000', 'red', 'most acidic position in a molecule')]",CCS(=O)(=O)C1c2ccccc2-c2ccccc21,12.3,blank,Fluorenes,,0.3000000000000007
comp278,278,12,"[('#FF0000', 'red', 'most acidic position in a molecule')]",CC(C)(C)S(=O)(=O)C1c2ccccc2-c2ccccc21,12.3,blank,Fluorenes,,0.3000000000000007
comp279,279,11,"[('#FF0000', 'red', 'most acidic position in a molecule')]",O=S(=O)(c1ccccc1)C1c2ccccc2-c2ccccc21,11.5,blank,Fluorenes,,0.5
comp280,280,22,"[('#FF0000', 'red', 'most acidic position in a molecule')]",FC1c2ccccc2-c2ccccc21,22.3,blank,Fluorenes,,0.3000000000000007
comp281,281,18,"[('#FF0000', 'red', 'most acidic position in a molecule')]",ClC1c2ccccc2-c2ccccc21,18.9,blank,Fluorenes,,0.8999999999999986
comp282,282,24,"[('#00FF00', 'light green', 'deprotonation via chelation controlled process is possible')]",c1ccc2ocnc2c1,24.4,52,Oxazole,,0.3999999999999986
comp283,283,19,"[('#FF0000', 'red', 'most acidic position in a molecule')]",Cn1c[n+](C)c2ccccc21,18.6,52,Imidazolium,,0.3999999999999986
comp284,284,22,"[('#FF0000', 'red', 'most acidic position in a molecule')]",Cc1c(C)[n+](C(C)C)cn1C(C)C,24.0,49,Imidazolium,,2.0
comp285,285,29,"[('#FF0000', 'red', 'most acidic position in a molecule')]",c1cscn1,29.4,52,Thiazole,,0.3999999999999986
comp286,286,16,"[('#FF0000', 'red', 'most acidic position in a molecule')]",Cc1csc[n+]1C,16.5,30,Thiazole,,0.5
comp287,287,26,"[('#FF0000', 'red', 'most acidic position in a molecule')]",c1ccc2scnc2c1,27.0,52,Thiazole,,1.0
comp288,288,31,"[('#FF0000', 'red', 'most acidic position in a molecule')]",Cc1csc(C)n1,30.3,52,Thiazole,,0.6999999999999993
comp289,289,15,"[('#FF0000', 'red', 'most acidic position in a molecule')]",Cc1csc(C)[n+]1C,13.9,40,Thiazole,,1.0999999999999996
comp290,290,44,"[('#FF0000', 'red', 'most acidic position in a molecule'), ('#FF0000', 'red', 'most acidic position in a molecule')]",C=CC,44.0,52,Allyl,,0.0
comp291,291,25,"[('#FF0000', 'red', 'most acidic position in a molecule')]",c1ccc(C(=NC(c2ccccc2)c2ccccc2)c2ccccc2)cc1,26.5,blank,Imines; Allyl,,1.5
comp292,292,17,"[('#FF0000', 'red', 'most acidic position in a molecule')]",C=CC[P+](c1ccccc1)(c1ccccc1)c1ccccc1,18.5,29,Allyl,,1.5
comp293,293,15,"[('#FF0000', 'red', 'most acidic position in a molecule')]",C(=CC[P+](c1ccccc1)(c1ccccc1)c1ccccc1)c1ccccc1,15.6,29,Allyl,,0.5999999999999996
comp294,294,26,"[('#FF0000', 'red', 'most acidic position in a molecule')]",C(=CSc1ccccc1)CSc1ccccc1,26.3,blank,Allyl,,0.3000000000000007
comp295,295,26,"[('#FF0000', 'red', 'most acidic position in a molecule')]",C(=C[Se]c1ccccc1)C[Se]c1ccccc1,26.3,blank,Allyl,,0.3000000000000007
comp296,296,19,"[('#FF0000', 'red', 'most acidic position in a molecule')]",O=S(=O)(CC=Cc1ccccc1)c1ccccc1,20.2,51,Allyl,,1.1999999999999993
comp297,297,22,"[('#FF0000', 'red', 'most acidic position in a molecule')]",C=CCS(=O)(=O)c1ccccc1,22.5,52,Allyl,,0.5
comp298,298,21,"[('#FF0000', 'red', 'most acidic position in a molecule')]",C#CCS(=O)(=O)c1ccccc1,22.1,blank,Propargyl,,1.1000000000000014
comp299,299,18,"[('#FF0000', 'red', 'most acidic position in a molecule')]",O=S(=O)(CC#Cc1ccccc1)c1ccccc1,17.8,blank,Propargyl,,0.1999999999999993
comp300,300,43,"[('#FF0000', 'red', 'most acidic position in a molecule'), ('#FF0000', 'red', 'most acidic position in a molecule')]",CSC,45.0,52,Sulfides,,2.0
comp301,301,41,"[('#FF0000', 'red', 'most acidic position in a molecule')]",CSc1ccccc1,42.0,52,Sulfides,pKa parenthesis,1.0
comp302,302,30,"[('#FF0000', 'red', 'most acidic position in a molecule')]",c1ccc(CSc2ccccc2)cc1,30.8,10,Sulfides,,0.8000000000000007
comp304,304,17,"[('#FF0000', 'red', 'most acidic position in a molecule')]",c1ccc(C(=O)CSc2ccccc2)cc1,17.1,35,Sulfides,,0.10000000000000142
comp305,305,26,"[('#FF0000', 'red', 'most acidic position in a molecule')]",C[N+](C)(C)CSc1ccccc1,28.0,44,Ammonium salts; Sulfides,,2.0
comp306,306,16,"[('#FF0000', 'red', 'most acidic position in a molecule')]",c1ccc(SC[n+]2ccccc2)cc1,17.7,44,Sulfides,,1.6999999999999993
comp307,307,32,"[('#FF0000', 'red', 'most acidic position in a molecule')]",c1ccc(SCSc2ccccc2)cc1,30.8,3,Sulfides,,1.1999999999999993
comp308,308,20,"[('#FF0000', 'red', 'most acidic position in a molecule')]",O=S(=O)(CSc1ccccc1)c1ccccc1,20.5,5,Sulfides,,0.5
comp309,309,11,"[('#FF0000', 'red', 'most acidic position in a molecule')]",O=S(=O)(CSc1ccccc1)C(F)(F)F,11.0,10,Sulfides,,0.0
comp310,310,25,"[('#FF0000', 'red', 'most acidic position in a molecule')]",O=P(CSc1ccccc1)(c1ccccc1)c1ccccc1,24.9,blank,Sulfides,,0.10000000000000142
comp311,311,23,"[('#FF0000', 'red', 'most acidic position in a molecule')]",CSCS(=O)(=O)c1ccccc1,23.4,5,Sulfones; Sulfides,,0.3999999999999986
comp312,312,22,"[('#FF0000', 'red', 'most acidic position in a molecule')]",N#CCSC(C)(C)C,22.9,21,Sulfides,,0.8999999999999986
comp313,313,25,"[('#FF0000', 'red', 'most acidic position in a molecule')]",c1ccc(SC(c2ccccc2)c2ccccc2)cc1,26.7,10,Sulfides,,1.6999999999999993
comp314,314,22,"[('#FF0000', 'red', 'most acidic position in a molecule')]",c1ccc(SC(Sc2ccccc2)c2ccccc2)cc1,23.0,10,Sulfides,,1.0
comp315,315,40,"[('#FF0000', 'red', 'most acidic position in a molecule')]",C1CSCSC1,39.0,23,Sulfides,pKa parenthesis,1.0
comp316,316,30,"[('#FF0000', 'red', 'most acidic position in a molecule')]",c1ccc(C2SCCCS2)cc1,30.7,10,Sulfides,,0.6999999999999993
comp317,317,27,"[('#FF0000', 'red', 'most acidic position in a molecule')]",c1ccc(-c2ccc(C3SCCCS3)cc2)cc1,29.0,23,Sulfides,,2.0
comp318,318,18,"[('#FF0000', 'red', 'most acidic position in a molecule')]",N#CC1SCCCS1,19.1,23,Sulfides,,1.1000000000000014
comp319,319,22,"[('#FF0000', 'red', 'most acidic position in a molecule')]",c1ccc(SC(Sc2ccccc2)Sc2ccccc2)cc1,22.8,10,Sulfides,,0.8000000000000007
comp320,320,32,"[('#FF0000', 'red', 'most acidic position in a molecule')]",CCCSC(SCCC)SCCC,31.3,52,Sulfides,,0.6999999999999993
comp321,321,29,"[('#FF0000', 'red', 'most acidic position in a molecule')]",C1SC2SCC1CS2,30.5,10,Sulfides,,1.5
comp322,322,27,"[('#FF0000', 'red', 'most acidic position in a molecule')]",c1ccc([Se]C(c2ccccc2)c2ccccc2)cc1,27.5,blank,Selenides,,0.5
comp323,323,32,"[('#FF0000', 'red', 'most acidic position in a molecule')]",c1ccc([Se]C[Se]c2ccccc2)cc1,31.3,blank,Selenides,,0.6999999999999993
comp324,324,31,"[('#FF0000', 'red', 'most acidic position in a molecule')]",c1ccc(C[Se]c2ccccc2)cc1,31.0,blank,Selenides,,0.0
comp325,325,29,"[('#FF0000', 'red', 'most acidic position in a molecule')]",c1ccc([Se]C([Se]c2ccccc2)c2ccccc2)cc1,16.2,52,Selenides,,12.8
comp326,326,33,"[('#FF0000', 'red', 'most acidic position in a molecule')]",CS(=O)c1ccccc1,33.0,15,Sulfoxides,,0.0
comp327,327,26,"[('#FF0000', 'red', 'most acidic position in a molecule')]",O=S(Cc1ccccc1)c1ccccc1,27.2,blank,Sulfoxides,,1.1999999999999993
comp328,328,19,"[('#FF0000', 'red', 'most acidic position in a molecule')]",O=S(CS(=O)c1ccccc1)c1ccccc1,18.2,blank,Sulfoxides,,0.8000000000000007
comp329,329,35,"[('#FF0000', 'red', 'most acidic position in a molecule'), ('#FF0000', 'red', 'most acidic position in a molecule')]",CS(C)=O,35.1,1,Sulfoxides,,0.10000000000000142
comp330,330,28,"[('#FF0000', 'red', 'most acidic position in a molecule')]",CSCS(C)=O,29.0,blank,Sulfoxides,,1.0
comp331,331,27,"[('#FF0000', 'red', 'most acidic position in a molecule')]",CS(=O)Cc1ccccc1,29.0,1,Sulfoxides,,2.0
comp332,332,24,"[('#FF0000', 'red', 'most acidic position in a molecule')]",O=S(c1ccccc1)C(c1ccccc1)c1ccccc1,24.6,blank,Sulfoxides,,0.6000000000000014
comp333,333,26,"[('#FF0000', 'red', 'most acidic position in a molecule')]",Cc1ccc(S(=O)(=O)N=S(C)c2ccccc2)cc1,27.6,blank,Sulfimides,,1.6000000000000014
comp334,334,29,"[('#FF0000', 'red', 'most acidic position in a molecule')]",C(C)(C)S(=NS(=O)(=O)c1ccccc1)c1ccccc1,30.7,blank,Sulfimides,,1.6999999999999993
comp335,335,17,"[('#FF0000', 'red', 'most acidic position in a molecule'), ('#FF0000', 'red', 'most acidic position in a molecule'), ('#FF0000', 'red', 'most acidic position in a molecule')]",C[S+](C)(C)=O,18.2,blank,Sulfonium salts,,1.1999999999999993
comp336,336,18,"[('#FF0000', 'red', 'most acidic position in a molecule')]",C[S+](Cc1ccccc1)c1ccccc1,16.3,blank,Sulfonium salts,,1.6999999999999993
comp337,337,17,"[('#FF0000', 'red', 'most acidic position in a molecule')]",C[S+](C)Cc1ccccc1,17.8,32,Sulfonium salts,,0.8000000000000007
comp338,338,6,"[('#FF0000', 'red', 'most acidic position in a molecule')]",C[S+](C)C1c2ccccc2-c2ccccc21,6.5,32,Sulfonium salts,,0.5
comp339,339,31,"[('#FF0000', 'red', 'most acidic position in a molecule')]",CN=S(C)(=O)c1ccccc1,33.0,15,Sulfoximides (CH),,2.0
comp340,340,24,"[('#FF0000', 'red', 'most acidic position in a molecule')]",Cc1ccc(S(=O)(=O)N=S(C)(=O)c2ccccc2)cc1,24.5,15,Sulfoximides (CH),,0.5
comp341,341,20,"[('#FF0000', 'red', 'most acidic position in a molecule')]",Cc1ccc(S(=O)(=O)N=S(=O)(C(Cl))c2ccccc2)cc1,20.7,blank,Halides; Sulfoximides (CH),,0.6999999999999993
comp342,342,20,"[('#FF0000', 'red', 'most acidic position in a molecule')]",Cc1ccc(S(=O)(=O)N=S(=O)(c2ccccc2)C([Si](C)(C)C)[Si](C)(C)C)cc1,19.1,26,Silanes; Sulfoximides (CH),,0.8999999999999986
comp343,343,27,"[('#FF0000', 'red', 'most acidic position in a molecule')]",CC(C)S(=O)(=NS(=O)(=O)c1ccccc1)c1ccccc1,28.5,blank,Sulfoximides (CH),,1.5
comp344,344,28,"[('#FF0000', 'red', 'most acidic position in a molecule')]",O=S(=O)(N=S(=O)(c1ccccc1)C1CC1)c1ccccc1,28.7,blank,Sulfoximides (CH),,0.6999999999999993
comp345,345,13,"[('#FF0000', 'red', 'most acidic position in a molecule')]",C[N+](C)=S(C)(=O)c1ccccc1,14.4,15,Sulfoximides (CH),,1.4000000000000004
comp346,346,25,"[('#FF0000', 'red', 'most acidic position in a molecule')]",CS(=O)(=O)Oc1ccccc1,25.2,blank,Sulfonates,,0.1999999999999993
comp347,347,18,"[('#FF0000', 'red', 'most acidic position in a molecule')]",O=S(=O)(Cc1ccccc1)Oc1ccccc1,19.9,53,Sulfonates,,1.8999999999999986
comp348,348,19,"[('#FF0000', 'red', 'most acidic position in a molecule')]",O=S(=O)(Cc1ccccc1)Sc1ccccc1,19.1,blank,Sulfonates,,0.10000000000000142
comp349,349,16,"[('#FF0000', 'red', 'most acidic position in a molecule')]",O=S(=O)(F)Cc1ccccc1,16.9,blank,Sulfonates,,0.8999999999999986
comp350,350,22,"[('#FF0000', 'red', 'most acidic position in a molecule')]",CN(c1ccccc1)S(=O)(=O)Cc1ccccc1,24.1,53,Sulfonamides (CH),,2.1000000000000014
comp351,351,29,"[('#FF0000', 'red', 'most acidic position in a molecule')]",CS(=O)(=O)c1ccccc1,29.0,1,Sulfones,,0.0
comp352,352,31,"[('#FF0000', 'red', 'most acidic position in a molecule')]",CCS(=O)(=O)c1ccccc1,31.0,5,Sulfones,,0.0
comp353,353,29,"[('#FF0000', 'red', 'most acidic position in a molecule')]",CC(C)(C)CS(=O)(=O)c1ccccc1,31.2,5,Sulfones,,2.1999999999999993
comp354,354,22,"[('#FF0000', 'red', 'most acidic position in a molecule')]",O=S(=O)(Cc1ccccc1)c1ccccc1,23.4,1,Sulfones,,1.3999999999999986
comp355,355,21,"[('#FF0000', 'red', 'most acidic position in a molecule')]",O=S(=O)(Cc1cccc2ccccc12)c1ccccc1,22.5,blank,Sulfones,,1.5
comp356,356,21,"[('#FF0000', 'red', 'most acidic position in a molecule')]",O=S(=O)(Cc1ccc2ccccc2c1)c1ccccc1,22.3,1,Sulfones,,1.3000000000000007
comp357,357,20,"[('#FF0000', 'red', 'most acidic position in a molecule')]",O=S(=O)(Cc1ccccn1)c1ccccc1,20.5,blank,Sulfones; Pyridyl,,0.5
comp358,358,21,"[('#FF0000', 'red', 'most acidic position in a molecule')]",O=S(=O)(Cc1cccnc1)c1ccccc1,21.6,blank,Sulfones; Pyridyl,,0.6000000000000014
comp359,359,19,"[('#FF0000', 'red', 'most acidic position in a molecule')]",O=S(=O)(Cc1ccncc1)c1ccccc1,18.6,blank,Sulfones; Pyridyl,,0.3999999999999986
comp360,360,12,"[('#FF0000', 'red', 'most acidic position in a molecule')]",CC(=O)CS(=O)(=O)c1ccccc1,12.5,5,Sulfones,,0.5
comp361,361,11,"[('#FF0000', 'red', 'most acidic position in a molecule')]",O=S(=O)(CC(=O)c1ccccc1)c1ccccc1,11.4,5,Sulfones,,0.40000000000000036
comp362,362,27,"[('#00FF00', 'light green', 'deprotonation via chelation controlled process is possible')]",O=S(=O)(COc1ccccc1)c1ccccc1,27.9,5,Ethers; Sulfones,,0.8999999999999986
comp363,363,30,"[('#FF0000', 'red', 'most acidic position in a molecule')]",COCS(=O)(=O)c1ccccc1,30.7,5,Ethers; Sulfones,,0.6999999999999993
comp364,364,19,"[('#FF0000', 'red', 'most acidic position in a molecule')]",C[N+](C)(C)CS(=O)(=O)c1ccccc1,19.4,5,Sulfones,,0.3999999999999986
comp365,365,12,"[('#FF0000', 'red', 'most acidic position in a molecule')]",O=S(=O)(CS(=O)(=O)c1ccccc1)c1ccccc1,12.2,6,Sulfones,,0.1999999999999993
comp366,366,20,"[('#FF0000', 'red', 'most acidic position in a molecule')]",O=S(=O)(CP(c1ccccc1)c1ccccc1)c1ccccc1,20.2,3,Sulfones; Phosphines,,0.1999999999999993
comp367,367,26,"[('#FF0000', 'red', 'most acidic position in a molecule')]",C[Si](C)(C)CS(=O)(=O)c1ccccc1,26.1,26,Silanes; Sulfones,,0.10000000000000142
comp368,368,22,"[('#FF0000', 'red', 'most acidic position in a molecule')]",O=S(=O)(C[Si](c1ccccc1)(c1ccccc1)c1ccccc1)c1ccccc1,21.3,26,Silanes; Sulfones,,0.6999999999999993
comp369,369,29,"[('#FF0000', 'red', 'most acidic position in a molecule')]",O=S(=O)(CF)c1ccccc1,28.5,52,Halides; Sulfones,,0.5
comp370,370,23,"[('#FF0000', 'red', 'most acidic position in a molecule')]",O=S(=O)(CCl)c1ccccc1,23.8,52,Halides; Sulfones,,0.8000000000000007
comp371,371,29,"[('#FF0000', 'red', 'most acidic position in a molecule')]",CC(C)S(=O)(=O)c1ccccc1,32.1,blank,Sulfones,,3.1000000000000014
comp372,372,31,"[('#FF0000', 'red', 'most acidic position in a molecule')]",O=S(=O)(c1ccccc1)C1CC1,31.8,blank,Sulfones,,0.8000000000000007
comp373,373,31,"[('#FF0000', 'red', 'most acidic position in a molecule'), ('#FF0000', 'red', 'most acidic position in a molecule')]",CS(C)(=O)=O,31.1,52,Sulfones,,0.10000000000000142
comp374,374,33,"[('#FF0000', 'red', 'most acidic position in a molecule'), ('#FF0000', 'red', 'most acidic position in a molecule')]",CCS(=O)(=O)CC,32.8,9,Sulfones,,0.20000000000000284
comp375,375,24,"[('#FF0000', 'red', 'most acidic position in a molecule')]",CS(=O)(=O)Cc1ccccc1,25.4,55,Sulfones,,1.3999999999999986
comp376,376,23,"[('#FF0000', 'red', 'most acidic position in a molecule')]",CC(C)(C)S(=O)(=O)Cc1ccccc1,24.9,21,Sulfones,,1.8999999999999986
comp377,377,23,"[('#FF0000', 'red', 'most acidic position in a molecule'), ('#FF0000', 'red', 'most acidic position in a molecule')]",O=S(=O)(Cc1ccccc1)Cc1ccccc1,23.9,52,Sulfones,,0.8999999999999986
comp378,378,14,"[('#FF0000', 'red', 'most acidic position in a molecule')]",O=S(=O)(Cc1ccccc1)C(F)(F)F,14.6,52,Sulfones,,0.5999999999999996
comp379,379,18,"[('#FF0000', 'red', 'most acidic position in a molecule')]",CS(=O)(=O)C(F)(F)F,18.8,2,Sulfones,,0.8000000000000007
comp380,380,20,"[('#FF0000', 'red', 'most acidic position in a molecule')]",CCS(=O)(=O)C(F)(F)F,20.4,blank,Sulfones,,0.3999999999999986
comp381,381,21,"[('#FF0000', 'red', 'most acidic position in a molecule')]",CC(C)S(=O)(=O)C(F)(F)F,21.8,2,Sulfones,,0.8000000000000007
comp382,382,25,"[('#FF0000', 'red', 'most acidic position in a molecule')]",O=S(=O)(C1CC1)C(F)(F)F,26.6,2,Sulfones,,1.6000000000000014
comp383,383,1,"[('#FF0000', 'red', 'most acidic position in a molecule')]",O=S(=O)(CS(=O)(=O)C(F)(F)F)C(F)(F)F,2.1,52,Sulfones,,1.1
comp384,384,21,"[('#FF0000', 'red', 'most acidic position in a molecule')]",O=S(=O)(c1ccccc1)C(c1ccccc1)c1ccccc1,22.3,9,Sulfones,,1.3000000000000007
comp385,385,14,"[('#FF0000', 'red', 'most acidic position in a molecule')]",CC(S(=O)(=O)c1ccccc1)S(=O)(=O)c1ccccc1,14.3,10,Sulfones,,0.3000000000000007
comp386,386,21,"[('#FF0000', 'red', 'most acidic position in a molecule')]",C[Si](C)(C)C([Si](C)(C)C)S(=O)(=O)c1ccccc1,20.4,26,Silanes; Sulfones,,0.6000000000000014
comp387,387,12,"[('#FF0000', 'red', 'most acidic position in a molecule')]",O=S1(=O)C=CC=C(c2ccccc2)C1,11.8,51,Sulfones,,0.1999999999999993
comp388,388,15,"[('#FF0000', 'red', 'most acidic position in a molecule')]",CS(=O)(=O)CS(C)(=O)=O,15.0,21,Sulfones,,0.0
comp389,389,21,"[('#FF0000', 'red', 'most acidic position in a molecule')]",O=C(c1ccccc1)C(F)F,20.2,53,Halides,,0.8000000000000007
comp390,390,42,"[('#00FF00', 'light green', 'deprotonation via chelation controlled process is possible'), ('#00FF00', 'light green', 'deprotonation via chelation controlled process is possible')]",COc1ccccc1,49.0,52,Ethers,pKa parenthesis,7.0
comp392,392,30,"[('#FF0000', 'red', 'most acidic position in a molecule')]",c1ccc(P(CP(c2ccccc2)c2ccccc2)c2ccccc2)cc1,29.9,3,Phosphines,,0.10000000000000142
comp393,393,20,"[('#FF0000', 'red', 'most acidic position in a molecule')]",C[P+](c1ccccc1)(c1ccccc1)c1ccccc1,22.4,33,Phosphonium (As) Salts,,2.3999999999999986
comp394,394,17,"[('#FF0000', 'red', 'most acidic position in a molecule')]",c1ccc(C[P+](c2ccccc2)(c2ccccc2)c2ccccc2)cc1,17.4,33,Phosphonium (As) Salts,,0.3999999999999986
comp395,395,13,"[('#FF0000', 'red', 'most acidic position in a molecule')]",N#Cc1ccc(C[P+](c2ccccc2)(c2ccccc2)c2ccccc2)cc1,13.0,29,Phosphonium (As) Salts,,0.0
comp396,396,10,"[('#FF0000', 'red', 'most acidic position in a molecule')]",O=[N+]([O-])c1ccc(C[P+](c2ccccc2)(c2ccccc2)c2ccccc2)cc1,11.0,29,Phosphonium (As) Salts,,1.0
comp397,397,16,"[('#FF0000', 'red', 'most acidic position in a molecule')]",CCOc1ccc(C[P+](c2ccccc2)(c2ccccc2)c2ccccc2)cc1,18.8,29,Phosphonium (As) Salts,,2.8000000000000007
comp398,398,14,"[('#FF0000', 'red', 'most acidic position in a molecule')]",c1ccc(SC[P+](c2ccccc2)(c2ccccc2)c2ccccc2)cc1,14.9,33,Phosphonium (As) Salts,,0.9000000000000004
comp399,399,8,"[('#FF0000', 'red', 'most acidic position in a molecule')]",CCOC(=O)C[P+](c1ccccc1)(c1ccccc1)c1ccccc1,8.5,33,Phosphonium (As) Salts,,0.5
comp400,400,7,"[('#FF0000', 'red', 'most acidic position in a molecule')]",CC(=O)C[P+](c1ccccc1)(c1ccccc1)c1ccccc1,7.1,33,Phosphonium (As) Salts,,0.09999999999999964
comp401,401,7,"[('#FF0000', 'red', 'most acidic position in a molecule')]",O=CC[P+](c1ccccc1)(c1ccccc1)c1ccccc1,6.1,33,Phosphonium (As) Salts,,0.9000000000000004
comp402,402,11,"[('#FF0000', 'red', 'most acidic position in a molecule')]",N#CC[P+](c1ccccc1)(c1ccccc1)c1ccccc1,6.9,33,Phosphonium (As) Salts,,4.1
comp403,403,7,"[('#FF0000', 'red', 'most acidic position in a molecule')]",c1ccc(C(=O)C[P+](c2ccccc2)(c2ccccc2)c2ccccc2)cc1,6.0,33,Phosphonium (As) Salts,,1.0
comp404,404,8,"[('#FF0000', 'red', 'most acidic position in a molecule')]",CCOC(=O)C(C)[P+](c1ccccc1)(c1ccccc1)c1ccccc1,9.3,33,Phosphonium (As) Salts,,1.3000000000000007
comp405,405,20,"[('#FF0000', 'red', 'most acidic position in a molecule')]",CC(C)[P+](c1ccccc1)(c1ccccc1)c1ccccc1,21.2,blank,Phosphonium (As) Salts,,1.1999999999999993
comp406,406,15,"[('#FF0000', 'red', 'most acidic position in a molecule')]",N#Cc1ccc(C[As+](c2ccccc2)(c2ccccc2)c2ccccc2)cc1,17.0,29,Phosphonium (As) Salts,,2.0
comp409,409,26,"[('#FF0000', 'red', 'most acidic position in a molecule')]",COP(=O)(CCl)OC,26.2,blank,Phosphonates,,0.1999999999999993
comp413,413,17,"[('#FF0000', 'red', 'most acidic position in a molecule')]",N#CCP(=O)(c1ccccc1)c1ccccc1,16.9,blank,Phosphine Oxides,,0.10000000000000142
comp414,414,15,"[('#FF0000', 'red', 'most acidic position in a molecule')]",N#CCP(=S)(c1ccccc1)c1ccccc1,16.3,blank,Phosphine Oxides,,1.3000000000000007
comp415,415,19,"[('#FF0000', 'red', 'most acidic position in a molecule')]",S=P(CP(=S)(c1ccccc1)c1ccccc1)(c1ccccc1)c1ccccc1,19.3,blank,Phosphine Oxides,,0.3000000000000007
comp416,416,20,"[('#33C1EA', 'light blue', 'acidic but unfavourable in lithiation (due to electronic repulsion)')]",CCN(CC)C1c2ccccc2-c2ccccc21,21.4,36,Amines; Fluorenes,,1.3999999999999986
comp417,417,21,"[('#33C1EA', 'light blue', 'acidic but unfavourable in lithiation (due to electronic repulsion)')]",CC(C)N(C(C)C)C1c2ccccc2-c2ccccc21,22.5,36,Amines; Fluorenes,,1.5
comp418,418,17,"[('#33C1EA', 'light blue', 'acidic but unfavourable in lithiation (due to electronic repulsion)')]",CC1(C)CCCC(C)(C)N1C1c2ccccc2-c2ccccc21,18.2,36,Amines; Fluorenes,,1.1999999999999993
comp419,419,42,"[('#FF0000', 'red', 'most acidic position in a molecule'), ('#FF0000', 'red', 'most acidic position in a molecule'), ('#FF0000', 'red', 'most acidic position in a molecule'), ('#FF0000', 'red', 'most acidic position in a molecule')]",C[N+](C)(C)C,42.0,"33, 44",Ammonium salts,,0.0
comp424,424,26,"[('#FF0000', 'red', 'most acidic position in a molecule')]",C[N+](C)(C)Cc1ccccc1,31.9,33,Ammonium salts,,5.899999999999999
comp428,428,20,"[('#FF0000', 'red', 'most acidic position in a molecule')]",c1ccc(C[n+]2ccccc2)cc1,20.5,44,Hydrocarbons; Ammonium salts,,0.5
comp429,429,26,"[('#FF0000', 'red', 'most acidic position in a molecule')]",[C-]#[N+]Cc1ccccc1,27.4,52,Isocyanides,,1.3999999999999986
comp430,430,12,"[('#FF0000', 'red', 'most acidic position in a molecule')]",[C-]#[N+]C1c2ccccc2-c2ccccc21,12.3,52,Fluorenes; Isocyanides,,0.3000000000000007
comp431,431,16,"[('#FF0000', 'red', 'most acidic position in a molecule')]",c1ccc(CN=C2c3ccccc3-c3ccccc32)cc1,14.4,blank,Imines,,1.5999999999999996
comp432,432,24,"[('#FF0000', 'red', 'most acidic position in a molecule')]",c1ccc(CN=C(c2ccccc2)c2ccccc2)cc1,24.3,52,Imines,,0.3000000000000007
comp433,433,27,"[('#FF0000', 'red', 'most acidic position in a molecule')]",CCOC(=O)C=NC(OCC)c1ccccc1,22.1,blank,Imines,,4.899999999999999
comp434,434,35,"[('#00FF00', 'light green', 'deprotonation via chelation controlled process is possible'), ('#00FF00', 'light green', 'deprotonation via chelation controlled process is possible')]",c1ccoc1,35.0,65,Heteroaromatics,What are the pKa values of CH bonds in aromatic heterocyclic compounds in DMSO?,0.0
comp435,435,33,"[('#FF0000', 'red', 'most acidic position in a molecule'), ('#FF0000', 'red', 'most acidic position in a molecule')]",c1ccsc1,32.5,65,Heteroaromatics,What are the pKa values of CH bonds in aromatic heterocyclic compounds in DMSO?,0.5
comp436,436,34,"[('#33C1EA', 'light blue', 'acidic but unfavourable in lithiation (due to electronic repulsion)'), ('#33C1EA', 'light blue', 'acidic but unfavourable in lithiation (due to electronic repulsion)')]",CN(C)n1cccc1,36.4,65,Heteroaromatics,What are the pKa values of CH bonds in aromatic heterocyclic compounds in DMSO?,2.3999999999999986
comp437,437,32,"[('#FF0000', 'red', 'most acidic position in a molecule')]",Cn1ccnc1,33.1,65,Heteroaromatics,What are the pKa values of CH bonds in aromatic heterocyclic compounds in DMSO?,1.1000000000000014
comp438,438,35,"[('#FF0000', 'red', 'most acidic position in a molecule'), ('#FF0000', 'red', 'most acidic position in a molecule')]",CCCn1cccn1,35.2,65,Heteroaromatics,What are the pKa values of CH bonds in aromatic heterocyclic compounds in DMSO?,0.20000000000000284
comp439,439,33,"[('#FF0000', 'red', 'most acidic position in a molecule')]",Cn1ccc2ccccc21,37.3,65,Heteroaromatics,What are the pKa values of CH bonds in aromatic heterocyclic compounds in DMSO?,4.299999999999997
comp440,440,33,"[('#FF0000', 'red', 'most acidic position in a molecule')]",c1ccc2sccc2c1,32.9,65,Heteroaromatics,What are the pKa values of CH bonds in aromatic heterocyclic compounds in DMSO?,0.10000000000000142
comp441,441,29,"[('#FF0000', 'red', 'most acidic position in a molecule')]",O=P(OCC)(C[Si](C)(C)C)OCC,28.7,52,Phosphonates; Silanes,,0.3000000000000007
comp442,442,11,"[('#33C1EA', 'light blue', 'acidic but unfavourable in lithiation (due to electronic repulsion)')]",N(=O)(=O)CSc1ccccc1,11.8,10,Sulfides; Nitro,,0.8000000000000007
comp443,443,8,"[('#FF0000', 'red', 'most acidic position in a molecule')]",N#CC1c2ccccc2-c2ccccc21,8.3,1,Fluorenes,,0.3000000000000007
comp444,444,11,"[('#33C1EA', 'light blue', 'acidic but unfavourable in lithiation (due to electronic repulsion)')]",N#CC(N(C)C)C#N,12.2,34,Malononitriles,,1.1999999999999993
comp445,445,28,"[('#FF0000', 'red', 'most acidic position in a molecule')]",C#Cc1ccccc1,28.8,"1, 23",Acetylenes,,0.8000000000000007
comp446,446,12,"[('#FF0000', 'red', 'most acidic position in a molecule')]",CC(=O)N1C(=O)Cc2ccccc21,13.5,51,Amides,,1.5
comp447,447,14,"[('#FF0000', 'red', 'most acidic position in a molecule')]",CCOC(=O)CC(=O)C,14.2,58,Esters,,0.1999999999999993
comp449,449,20,"[('#FF0000', 'red', 'most acidic position in a molecule')]",CC[Si](CC)(CC)C1c2ccccc2-c2ccccc21,21.4,26,Fluorenes; Silanes,,1.3999999999999986
comp450,450,16,"[('#FF0000', 'red', 'most acidic position in a molecule')]",Cc1ccc(S(=O)(=O)N=S(=O)(C(Cl)(Cl))c2ccccc2)cc1,16.9,blank,Halides,,0.8999999999999986
comp451,451,21,"[('#FF0000', 'red', 'most acidic position in a molecule')]",COC(=O)C1SCCCS1,20.8,23,Sulfides,,0.1999999999999993
comp452,452,15,"[('#FF0000', 'red', 'most acidic position in a molecule')]",O=S(=O)(Cc1cccc[n+]1[O-])c1ccccc1,16.7,blank,Sulfones; Pyridyl,,1.6999999999999993
comp453,453,19,"[('#FF0000', 'red', 'most acidic position in a molecule')]",O=S(=O)(Cc1ccc[n+]([O-])c1)c1ccccc1,19.2,blank,Sulfones; Pyridyl,,0.1999999999999993
comp454,454,19,"[('#FF0000', 'red', 'most acidic position in a molecule')]",O=S(=O)(Cc1cc[n+]([O-])cc1)c1ccccc1,18.3,blank,Sulfones; Pyridyl,,0.6999999999999993
comp455,455,26,"[('#FF0000', 'red', 'most acidic position in a molecule')]",CCOP(=O)(Cc1ccccc1)OCC,27.6,blank,Phosphonates,,1.6000000000000014
comp456,456,16,"[('#FF0000', 'red', 'most acidic position in a molecule')]",CCOP(=O)(CC#N)OCC,16.4,blank,Phosphonates; Nitriles,,0.3999999999999986
comp457,457,18,"[('#FF0000', 'red', 'most acidic position in a molecule')]",CCOC(=O)CP(=O)(OCC)OCC,18.6,blank,Phosphonates; Esters,,0.6000000000000014
comp458,458,26,"[('#FF0000', 'red', 'most acidic position in a molecule')]",CCOP(=O)(CCl)OCC,26.2,blank,Phosphonates,,0.1999999999999993
comp459,459,11,"[('#33C1EA', 'light blue', 'acidic but unfavourable in lithiation (due to electronic repulsion)')]",N#CC(N(C)(C))C#N,12.2,34,Malononitriles,oka value was missing in pdf. Found in ref 34,1.1999999999999993
